{
    "rollWidget": {
        "origin": "BOTTOM",
        "offset": {
            "field_1343": 124.67976,
            "field_1342": -10.330898
        }
    }
}